names,IDs
آشپزی,6095
آشپزی,6095
آشپزی,3710
آشپزی,3371
آشپزی,2980
آشپزی,4088
آشپزی,4425
آشپزی,4323
آشپزی,4351
آشپزی,5576
آشپزی,4512
آشپزی,4296
آشپزی,4750
آشپزی,4958
آشپزی,5540
آشپزی,5540
آشپزی,7328
آشپزی,7328
آشپزی,5674
آشپزی,5845
آشپزی,5845
آشپزی,6248
آشپزی,7519
آشپزی,7519
آشپزی,6613
آشپزی,6528
آشپزی,6861
آشپزی,6861
آشپزی,6887
آشپزی,7591
آشپزی,10996
آشپزی,10383
آشپزی,10203
آشپزی,4988
آشپزی,9678
آشپزی,12857
آشپزی,4050
آشپزی,6617
آشپزی,6617
آشپزی,12622
آشپزی,12622
آشپزی,14437
آشپزی,14482
آشپزی,14509
آشپزی,3783
آشپزی,12347
آشپزی,5691
آشپزی,16657
آشپزی,3855
آشپزی,13463
آشپزی,7293
آشپزی,7293
آشپزی,3875
آشپزی,4068
آشپزی,7567
آشپزی,7567
سبک,4116
سبک,9065
سبک,3490
سبک,3702
سبک,3883
سبک,3599
سبک,4723
سبک,8815
سبک,5278
سبک,8873
سبک,6029
سبک,8938
سبک,5639
سبک,5570
سبک,5664
سبک,6199
سبک,5834
سبک,6202
سبک,7948
سبک,5850
سبک,5610
سبک,7193
سبک,8500
سبک,6995
سبک,6995
سبک,6995
سبک,15005
سبک,7723
سبک,7723
سبک,7723
سبک,8080
سبک,8442
سبک,8443
سبک,8443
سبک,9027
سبک,9265
سبک,8452
سبک,8452
سبک,7740
سبک,8668
سبک,8752
سبک,9080
سبک,11406
سبک,8824
سبک,8606
سبک,9304
سبک,9304
سبک,12504
سبک,9115
سبک,9328
سبک,11339
سبک,10651
سبک,9309
سبک,7893
سبک,9514
سبک,15286
سبک,9469
سبک,10584
سبک,16375
سبک,12189
سبک,10723
سبک,13416
سبک,14824
سبک,17373
سبک,17373
سبک,12992
سبک,12040
سبک,13553
سبک,11925
سبک,11615
سبک,13498
سبک,7716
سبک,15797
سبک,14399
سبک,15315
سبک,13924
سبک,13918
سبک,7801
سبک,4998
سبک,11743
سبک,7961
سبک,7961
پوشاک,7889
پوشاک,8868
پوشاک,8868
پوشاک,8289
پوشاک,8368
پوشاک,8899
پوشاک,10873
پوشاک,9352
پوشاک,11228
پوشاک,11539
پوشاک,9397
پوشاک,11369
پوشاک,9433
پوشاک,11573
پوشاک,11573
پوشاک,17375
پوشاک,14847
پوشاک,16603
پوشاک,15052
پوشاک,15052
پوشاک,16619
پوشاک,13376
مالی,9153
مالی,3869
مالی,7836
مالی,4172
مالی,7862
مالی,7862
مالی,5643
مالی,4778
مالی,4916
مالی,5487
مالی,7449
مالی,7449
مالی,7200
مالی,6306
مالی,7094
مالی,7094
مالی,8789
مالی,8613
مالی,8370
مالی,16150
مالی,11998
مالی,16224
مالی,3958
مالی,15016
مالی,4738
مالی,5553
مالی,5553
مالی,8607
مالی,12986
مالی,5372
مالی,5372
خانواده,6264
خانواده,6264
خانواده,3947
خانواده,3882
خانواده,4226
خانواده,4506
خانواده,4611
خانواده,4749
خانواده,5141
خانواده,5141
خانواده,3948
خانواده,5339
خانواده,5339
خانواده,4505
خانواده,5925
خانواده,5925
خانواده,6401
خانواده,6401
خانواده,6401
خانواده,6172
خانواده,6172
خانواده,6172
خانواده,3476
خانواده,10497
خانواده,6344
خانواده,6293
خانواده,6358
خانواده,6374
خانواده,6374
خانواده,6705
خانواده,7470
خانواده,7004
خانواده,7004
خانواده,6467
خانواده,6467
خانواده,6467
خانواده,6856
خانواده,7288
خانواده,7288
خانواده,6716
خانواده,7627
خانواده,7461
خانواده,11846
خانواده,10660
خانواده,3452
خانواده,15122
خانواده,5374
خانواده,14118
خانواده,7504
خانواده,7504
خانواده,7005
خانواده,7005
خانه,4964
خانه,2785
خانه,3540
خانه,4427
خانه,4395
خانه,4342
خانه,4850
خانه,4795
خانه,5490
خانه,5490
خانه,6142
خانه,7394
خانه,6905
خانه,6905
خانه,6905
خانه,7575
خانه,2543
خانه,6342
خانه,4150
تکنولوژی,2602
تکنولوژی,3978
تکنولوژی,5277
تکنولوژی,6483
تکنولوژی,4869
تکنولوژی,5392
تکنولوژی,5391
تکنولوژی,5689
تکنولوژی,7787
تکنولوژی,6911
تکنولوژی,6965
تکنولوژی,6770
تکنولوژی,6770
تکنولوژی,5626
تکنولوژی,6373
تکنولوژی,6373
تکنولوژی,7000
تکنولوژی,8714
تکنولوژی,8664
تکنولوژی,7818
تکنولوژی,9437
تکنولوژی,4469
عکاسی,2304
عکاسی,5272
عکاسی,7053
عکاسی,5589
عکاسی,6987
عکاسی,6730
عکاسی,7888
عکاسی,7888
عکاسی,10801
عکاسی,9737
عکاسی,9737
عکاسی,15996
عکاسی,15996
عکاسی,15996
عکاسی,15996
عکاسی,15996
عکاسی,2378
خودرو,3909
خودرو,3453
خودرو,3785
خودرو,3830
خودرو,2799
خودرو,5625
خودرو,7464
خودرو,9896
خودرو,15199
خودرو,15199
خودرو,15199
خودرو,11014
خودرو,16537
خودرو,9227
خودرو,3933
خودرو,8608
خودرو,7788
خودرو,4025
خودرو,9211
آموزش,5227
آموزش,6444
آموزش,2906
آموزش,6975
آموزش,3543
آموزش,3983
آموزش,3464
آموزش,4359
آموزش,3678
آموزش,4365
آموزش,7055
آموزش,7055
آموزش,5279
آموزش,4332
آموزش,4769
آموزش,4660
آموزش,3873
آموزش,5194
آموزش,4921
آموزش,2481
آموزش,6955
آموزش,6327
آموزش,5486
آموزش,5547
آموزش,5547
آموزش,5168
آموزش,5846
آموزش,5846
آموزش,7386
آموزش,6297
آموزش,7656
آموزش,983
آموزش,983
آموزش,6338
آموزش,6345
آموزش,6250
آموزش,6637
آموزش,7164
آموزش,7164
آموزش,6718
آموزش,6718
آموزش,6382
آموزش,6790
آموزش,7450
آموزش,7450
آموزش,7168
آموزش,7168
آموزش,9070
آموزش,9070
آموزش,8352
آموزش,7152
آموزش,7155
آموزش,7155
آموزش,7927
آموزش,7926
آموزش,7943
آموزش,8589
آموزش,7793
آموزش,7406
آموزش,7406
آموزش,8264
آموزش,9075
آموزش,9075
آموزش,8134
آموزش,8134
آموزش,7620
آموزش,7620
آموزش,7625
آموزش,3489
آموزش,9049
آموزش,9049
آموزش,9164
آموزش,9231
آموزش,9187
آموزش,9407
آموزش,9407
آموزش,5537
آموزش,4010
آموزش,4214
آموزش,4254
آموزش,4946
آموزش,5500
آموزش,6985
آموزش,9092
آموزش,6096
ورزش,2518
ورزش,3010
ورزش,3866
ورزش,4239
ورزش,4011
ورزش,5236
ورزش,5737
ورزش,5737
ورزش,6747
ورزش,6336
ورزش,6964
ورزش,6679
ورزش,6679
ورزش,7083
ورزش,6400
ورزش,7273
ورزش,7273
ورزش,7409
ورزش,3941
ورزش,4255
ورزش,5585
ورزش,5585
ورزش,4090
ورزش,6464
مد,3359
مد,2909
مد,2966
مد,3430
مد,3471
مد,4371
مد,3800
مد,4479
مد,4392
مد,4131
مد,4447
مد,4027
مد,4327
مد,4473
مد,4274
مد,4472
مد,4952
مد,4478
مد,4537
مد,4577
مد,4907
مد,4729
مد,4830
مد,4832
مد,4834
مد,7437
مد,4754
مد,4883
مد,5216
مد,5996
مد,5996
مد,5718
مد,5154
مد,5154
مد,5325
مد,5325
مد,6166
مد,5591
مد,5758
مد,6034
مد,5881
مد,5881
مد,6326
مد,6458
مد,6653
مد,7160
مد,7160
مد,7191
مد,7191
مد,7163
مد,5211
مد,6794
مد,6089
مد,6968
مد,6713
مد,7049
مد,7049
مد,6614
مد,6641
مد,6641
طنز,5965
طنز,2979
طنز,3951
طنز,4606
طنز,16516
طنز,5338
طنز,5260
طنز,4981
طنز,6203
طنز,6020
طنز,6235
طنز,7452
طنز,6502
طنز,7196
طنز,7196
طنز,7248
طنز,8118
طنز,8491
طنز,14615
طنز,9007
طنز,16697
طنز,9588
طنز,11416
طنز,10032
طنز,10537
طنز,14932
طنز,17274
طنز,6147
طنز,15716
طنز,13369
طنز,11631
طنز,17221
طنز,4256
سفر,3834
سفر,5491
سفر,6275
سفر,6275
سفر,6275
سفر,17188
سفر,7730
سفر,8721
سفر,16106
سفر,14449
سفر,14450
سفر,8268
سفر,8268
سفر,14657
سفر,4341
سفر,15521
سفر,15521
سفر,15521
سفر,3897
سفر,13276
سفر,7023
سفر,5548
سفر,4013
فیلم,3755
فیلم,6178
اطلاعات,3719
اطلاعات,4082
اطلاعات,4030
اطلاعات,4234
اخبار,4089
اخبار,4661
اخبار,5309
اخبار,5280
اخبار,5573
اخبار,3025
اخبار,7847
اخبار,7847
اخبار,8340
اخبار,12669
اخبار,14976
اخبار,6958
کتاب,16880
کتاب,8308
کتاب,8308
کتاب,8086
کتاب,8086
کتاب,11666
کتاب,10223
کتاب,8404
کتاب,12545
کتاب,8690
کتاب,16951
کتاب,16951
کتاب,17211
کتاب,11528
کتاب,9000
عمومی,16864
عمومی,12119
عمومی,12119
عمومی,10823
عمومی,11979
عمومی,11979
عمومی,13713
عمومی,10429
عمومی,16919
عمومی,15092
عمومی,15092
عمومی,16858
عمومی,16858
عمومی,16090
عمومی,16104
عمومی,16104
عمومی,16852
عمومی,16852
عمومی,17262
انگیزشی,14899
انگیزشی,9939
انگیزشی,17253
انگیزشی,13982
انگیزشی,14353
انگیزشی,15749
تغذیه,4246
تغذیه,5213
تغذیه,5213
تغذیه,5213
تغذیه,5213
تغذیه,6963
تغذیه,7357
تغذیه,7418
تغذیه,7418
تغذیه,4709
تغذیه,3845
تغذیه,20547
توصیه,8821
توصیه,8206
توصیه,8206
توصیه,9268
توصیه,8790
توصیه,9566
توصیه,10064
توصیه,8697
توصیه,11060
توصیه,11060
توصیه,10361
توصیه,20181
توصیه,13449
توصیه,13449
توصیه,13252
توصیه,13257
توصیه,13275
توصیه,13275
توصیه,9452
توصیه,8434
توصیه,8434
روان‌شناسی,4622
روان‌شناسی,5296
روان‌شناسی,6723
روان‌شناسی,5297
روان‌شناسی,6890
روان‌شناسی,7308
روان‌شناسی,8586
روان‌شناسی,10171
روان‌شناسی,12209
روان‌شناسی,9236
روان‌شناسی,14862
روان‌شناسی,16809
روان‌شناسی,15298
روان‌شناسی,13210
طراحی,8082
طراحی,8082
طراحی,8082
طراحی,9580
طراحی,9921
طراحی,9921
طراحی,14691
طراحی,10567
طراحی,14368
طراحی,15021
طراحی,15419
طراحی,14990
طراحی,9643
طراحی,9643
طراحی,9643
مادر,8065
مادر,7785
مادر,16458
مادر,8433
مادر,7966
مادر,8438
مادر,8880
مادر,8880
مادر,7995
مادر,7983
مادر,8378
مادر,11796
مادر,8099
مادر,8327
مادر,8419
مادر,9089
مادر,8550
مادر,8596
مادر,8006
مادر,8006
مادر,8415
مادر,8999
مادر,9460
مادر,9819
مادر,9391
مادر,9391
مادر,9821
مادر,9532
مادر,9399
مادر,9398
مادر,11724
مادر,10507
مادر,13728
مادر,11363
مادر,11363
مادر,11363
مادر,10696
مادر,7764
مادر,10903
مادر,11487
مادر,11913
مادر,7969
مادر,15355
مادر,17354
مادر,14022
مادر,14515
مادر,8570
مادر,17010
مادر,17010
مادر,16060
مادر,15654
مادر,13403
مادر,13202
مادر,10993
مادر,13028
مادر,16193
مادر,16193
مادر,7759
مادر,8656
مادر,8987
مادر,7823
مادر,17142
مادر,10358
مادر,10358
مادر,16151
مادر,5989
مادر,10360
سرگرمی,5316
سرگرمی,5489
سرگرمی,5489
سرگرمی,7263
سرگرمی,8822
سرگرمی,8822
سرگرمی,2895
سرگرمی,5389
مدلینگ,12070
مدلینگ,16515
مدلینگ,11691
مدلینگ,13304
مدلینگ,16685
مدلینگ,11653
مدلینگ,12985
مدلینگ,12855
مدلینگ,15850
مدلینگ,13957
مدلینگ,13903
مدلینگ,13903
دانستنی,7879
دانستنی,7872
دانستنی,9408
دانستنی,15326
دانستنی,10415
زبان,6131
زبان,6934
زبان,6934
زبان,6472
زبان,9964
زبان,11350
زبان,15316
سینما,8062
سینما,8314
سینما,10663
سینما,14610
سینما,16235
یادگیری,8440
یادگیری,7327
یادگیری,18063
یادگیری,14851
یادگیری,8693
یادگیری,9518
یادگیری,13550
یادگیری,15784
یادگیری,13411
یادگیری,14942
یادگیری,13154
بازی,17257
بازی,11035
بازی,10164
بازی,16066
بازی,9544
بازی,9544
بازی,11361
بازی,13372
بازی,13716
بازی,13716
بازی,11016
بازی,14282
رستوران,8479
رستوران,8588
رستوران,8959
رستوران,8959
رستوران,9361
رستوران,8369
رستوران,8369
رستوران,9679
رستوران,10670
رستوران,13121
رستوران,9915
رستوران,11141
رستوران,12005
رستوران,13006
رستوران,9199
رستوران,15126
رستوران,15126
رستوران,15497
رستوران,15413
پزشکی,13931
پزشکی,10280
پزشکی,14439
پزشکی,10582
پزشکی,12911
پزشکی,12863
پزشکی,13902
پزشکی,13902
پزشکی,16762
آرایشی,10233
آرایشی,16794
آرایشی,9929
آرایشی,12819
آرایشی,11458
آرایشی,11458
آرایشی,14790
آرایشی,14661
آرایشی,13380
آرایشی,12462
آرایشی,16147
ساخت,16791
ساخت,10933
ساخت,10933
ساخت,13702
ساخت,13702
ورزشی,12544
ورزشی,10552
ورزشی,9270
ورزشی,9270
ورزشی,13946
ورزشی,11294
ورزشی,11671
ورزشی,14805
ورزشی,9296
ورزشی,9296
ورزشی,14980
ورزشی,14980
ورزشی,14980
ورزشی,13354
اقتصادی,10241
اقتصادی,10241
اقتصادی,15587
اقتصادی,10826
اقتصادی,10753
اقتصادی,10753
اقتصادی,10753
اقتصادی,12027
اقتصادی,14638
اقتصادی,13240
اقتصادی,15254
اقتصادی,10697
وسایل,14963
وسایل,11146
وسایل,13930
وسایل,13930
وسایل,16105
وسایل,16105
وسایل,14238
وسایل,14211
وسایل,14211
وسایل,13346
دانشجویی,15380
شعر,15112
شعر,13617
شبکه,12693
شبکه,17268
رمزارز,10471
رمزارز,17475
رمزارز,13035
رمزارز,13035
رمزارز,17186
رمزارز,11720
رمزارز,14927
رمزارز,17259
رمزارز,14271
رمزارز,15055
بازاریابی,11696
بازاریابی,11696
بازاریابی,17425
بازاریابی,12039
موسیقی,17103
موسیقی,9757
نرم,11836
سلامت,14944
کارآفرینی,14717
کارآفرینی,12167
کارآفرینی,12940
کارآفرینی,12940
کارآفرینی,13824
کارآفرینی,16691
مذهبی,13745
مذهبی,16247
مذهبی,13283
مذهبی,13314
حیوانات,13237
فال,13333
دانش,13406
صنایع,16286
صنایع,16286
بدنسازی,16627
بدنسازی,16627
